flight_id,airline,origin,destination,date,fare_usd,delay_minutes
FL001,Delta,ORD,LAX,2024-01-01,250,30
FL002,United,ATL,DFW,2024-01-02,320,5
FL003,American,JFK,ORD,2024-01-03,280,0
FL004,Southwest,LAX,ATL,2024-01-04,150,45
FL005,Spirit,DFW,JFK,2024-01-05,100,60
FL006,Delta,ORD,LAX,2024-01-06,275,10
FL007,United,ATL,DFW,2024-01-07,340,15
FL008,American,JFK,ORD,2024-01-08,295,0
FL009,Southwest,LAX,ATL,2024-01-09,160,90
FL010,Spirit,DFW,JFK,2024-01-10,110,120
FL011,Delta,ORD,LAX,2024-01-11,265,20
FL012,United,ATL,DFW,2024-01-12,310,25
FL013,American,JFK,ORD,2024-01-13,290,5
FL014,Southwest,LAX,ATL,2024-01-14,155,35
FL015,Spirit,DFW,JFK,2024-01-15,105,50
FL016,Delta,ORD,LAX,2024-01-16,260,0
FL017,United,ATL,DFW,2024-01-17,300,10
FL018,American,JFK,ORD,2024-01-18,285,5
FL019,Southwest,LAX,ATL,2024-01-19,165,80
FL020,Spirit,DFW,JFK,2024-01-20,120,100
